Size,Filename
19141081,"I:\Soulseek Downloads\complete\thePretender\Nae Yuuki (1994.11.02) (album) Mizu No Sei [FLAC] {SRCL-3027}\Cover.png"
18758332,"I:\Soulseek Downloads\complete\red_book\[DVSP-0144] LAST DANCE (C89)\Scans\Front.png"
18116031,"I:\Soulseek Downloads\complete\awano33\NieR꞉ Automata Original Soundtrack\Scans\Booklet\Booklet Front & Back.png"
18037439,"I:\Soulseek Downloads\Soulseek Shared Folder\極彩色\Booklet\bk_001.png"
17770096,"I:\Soulseek Downloads\complete\thePretender\Geinoh Yamashirogumi (1979.00.00) (album) Shonentachi E No Chikyusanka [FLAC] {VICL-23088}\Cover.png"
17746729,"I:\Soulseek Downloads\Soulseek Shared Folder\《麻音乐-被侮辱的姿势》(FLAC)\Artwork\Booklet – 2.png"
17646591,"I:\Soulseek Downloads\complete\thePretender\Akemi Ishii\Akemi Ishii (1988.11.02) (album) Fanatique [FLAC] {32DH-5138}\Cover.png"
17158636,"I:\Soulseek Downloads\Soulseek Shared Folder\白石まるみ (Marumi Shiraishi) - 風のスクリーン +2 (1982, 2022)\02 - Scans (PNG)\03 - Singles Reprint Inclusions\05 - Third Single (Front).png"
17107645,"I:\Soulseek Downloads\complete\awano33\NieR꞉ Automata Original Soundtrack\Scans\Booklet\Booklet p. 11-12.png"
16835925,"I:\Soulseek Downloads\complete\Quackerkats\[SRCL 3396] Osamu Sato ‎– Equal [CD-FLAC]\Scans\06 - Booklet Center Spread.png"
16610004,"I:\Soulseek Downloads\complete\red_bookNTN\Yu-gi-oh! 5D's Sound Duel 2 flac\Scans\03.png"
16591938,"I:\Soulseek Downloads\Soulseek Shared Folder\白石まるみ (Marumi Shiraishi) - 風のスクリーン +2 (1982, 2022)\02 - Scans (PNG)\04 - CD\01 - Front of Disc.png"
16358424,"I:\Soulseek Downloads\Soulseek Shared Folder\VTZL-109\BK\IMG018.png"
16318774,"I:\Soulseek Downloads\Soulseek Shared Folder\白石まるみ (Marumi Shiraishi) - 風のスクリーン +2 (1982, 2022)\02 - Scans (PNG)\03 - Singles Reprint Inclusions\03 - Second Single (Front).png"
16078879,"I:\Soulseek Downloads\Soulseek Shared Folder\藍の華\Booklet\box_02.png"
16058587,"I:\Soulseek Downloads\Soulseek Shared Folder\《麻音乐-被侮辱的姿势》(FLAC)\Artwork\Booklet – 1.png"
15994664,"I:\Soulseek Downloads\complete\thePretender\Akemi Ishii\Akemi Ishii (1986.11.21) (album) Mona Lisa [FLAC] {32DH-572}\Cover.png"
15851359,"I:\Soulseek Downloads\complete\red_bookNTN\Yu-gi-oh! 5D's Sound Duel 3 flac\Scans\03.png"
15844880,"I:\Soulseek Downloads\complete\red_book\[DVSP-0144] LAST DANCE (C89)\Scans\Disc.png"
15076548,"I:\Soulseek Downloads\complete\red_bookNTN\Yu-gi-oh! 5D's Sound Duel 2 flac\Scans\01.png"
14974511,"I:\Soulseek Downloads\complete\awano33\NieR꞉ Automata Original Soundtrack\Scans\Booklet\Booklet p. 01-02.png"
14900856,"I:\Soulseek Downloads\complete\red_bookNTN\Yu-gi-oh! 5D's Sound Duel 2 flac\Scans\04.png"
14615609,"I:\Soulseek Downloads\Soulseek Shared Folder\[210226]ゲーム「冥契のルペルカリア」ORIGINAL SOUND TRACK\BK\IMG_20210317_0001.png"
14356740,"I:\Soulseek Downloads\complete\red_bookNTN\Yu-gi-oh! 5D's Sound Duel 2 flac\Scans\02.png"
14170889,"I:\Soulseek Downloads\Soulseek Shared Folder\白石まるみ (Marumi Shiraishi) - 風のスクリーン +2 (1982, 2022)\02 - Scans (PNG)\03 - Singles Reprint Inclusions\01 - Debut Single (Front).png"
14111981,"I:\Soulseek Downloads\complete\awano33\NieR꞉ Automata Original Soundtrack\Scans\Booklet\Booklet p. 07-08.png"
13802498,"I:\Soulseek Downloads\Soulseek Shared Folder\[Alabum] オムニバス - Schéma -共鳴- [2020.06.14][Flac]\cover.png"
13740716,"I:\Soulseek Downloads\Soulseek Shared Folder\藍の華\Booklet\bk_001.png"
13668336,"I:\Soulseek Downloads\Soulseek Shared Folder\藍の華\Booklet\bk_012.png"
13641359,"I:\Soulseek Downloads\Soulseek Shared Folder\藍の華\Booklet\bk_002.png"
13421700,"I:\Soulseek Downloads\Soulseek Shared Folder\[天使动漫]魔法少女まどか☆マギカ外伝(wav+cue+log)\[天使动漫]魔法少女まどか☆マギカ外伝(BK - A4)\10.png"
13410562,"I:\Soulseek Downloads\complete\Quackerkats\[SRCL 3396] Osamu Sato ‎– Equal [CD-FLAC]\Scans\14 - Traycard Back.png"
13324552,"I:\Soulseek Downloads\Soulseek Shared Folder\VTZL-109\BK\IMG015.png"
13317603,"I:\Soulseek Downloads\complete\awano33\NieR꞉ Automata Original Soundtrack\Scans\Booklet\Booklet p. 05-06.png"
13140258,"I:\Soulseek Downloads\complete\red_bookNTN\2018 - Kalafina All Time Best 2008-2018\Scans + images\Photobook\17-18.png"
13067414,"I:\Soulseek Downloads\complete\red_bookNTN\2018 - Kalafina All Time Best 2008-2018\Scans + images\Photobook\13-14.png"
13059854,"I:\Soulseek Downloads\Soulseek Shared Folder\hitomi\东方八犬异闻\ED2 奏愛カレンデュラ\BK\奏愛カレンデュラ003.png"
13053898,"I:\Soulseek Downloads\complete\thePretender\Akemi Ishii\Akemi Ishii (1990.07.01) (album) Brazilian Night [FLAC] {CSCL-1193}\Cover.png"
13050299,"I:\Soulseek Downloads\Soulseek Shared Folder\藍の華\Booklet\CDケース_01.png"
13045468,"I:\Soulseek Downloads\Soulseek Shared Folder\極彩色\Booklet\bk_003.png"
12972704,"I:\Soulseek Downloads\Soulseek Shared Folder\藍の華\Booklet\box_01.png"
12967644,"I:\Soulseek Downloads\Soulseek Shared Folder\VTZL-109\BK\IMG011.png"
12898274,"I:\Soulseek Downloads\complete\red_bookNTN\2018 - Kalafina All Time Best 2008-2018\Scans + images\Photobook\15-16.png"
12884789,"I:\Soulseek Downloads\Soulseek Shared Folder\VTZL-109\BK\IMG014.png"
12874469,"I:\Soulseek Downloads\Soulseek Shared Folder\極彩色\Booklet\bk_007.png"
12864569,"I:\Soulseek Downloads\complete\Quackerkats\[SRCL 3396] Osamu Sato ‎– Equal [CD-FLAC]\Scans\13 - Traycard Front.png"
12847527,"I:\Soulseek Downloads\Soulseek Shared Folder\極彩色\Booklet\bk_004.png"
12836016,"I:\Soulseek Downloads\complete\awano33\NieR꞉ Automata Original Soundtrack\Scans\Booklet\Booklet p. 09-10.png"
12823711,"I:\Soulseek Downloads\Soulseek Shared Folder\極彩色\Booklet\bk_010.png"
12821482,"I:\Soulseek Downloads\Soulseek Shared Folder\極彩色\Booklet\bk_008.png"
12806243,"I:\Soulseek Downloads\Soulseek Shared Folder\hitomi\东方八犬异闻\ED2 奏愛カレンデュラ\BK\奏愛カレンデュラ002.png"
12796155,"I:\Soulseek Downloads\complete\stlx\[M3-34] C.H.S — deposition e.p.2 {CHS-0018} [CD-FLAC]\Scans\Front.png"
12786846,"I:\Soulseek Downloads\complete\red_bookNTN\2018 - Kalafina All Time Best 2008-2018\Scans + images\Photobook\19-20.png"
12761239,"I:\Soulseek Downloads\Soulseek Shared Folder\極彩色\Booklet\bk_005.png"
12759643,"I:\Soulseek Downloads\complete\red_bookNTN\2018 - Kalafina All Time Best 2008-2018\Scans + images\Photobook\35-36.png"
12735539,"I:\Soulseek Downloads\complete\red_bookNTN\2018 - Kalafina All Time Best 2008-2018\Scans + images\Photobook\37-38.png"
12720398,"I:\Soulseek Downloads\complete\red_bookNTN\2018 - Kalafina All Time Best 2008-2018\Scans + images\Photobook\31-32.png"
12669730,"I:\Soulseek Downloads\complete\red_bookNTN\2018 - Kalafina All Time Best 2008-2018\Scans + images\Photobook\29-30.png"
12572860,"I:\Soulseek Downloads\Soulseek Shared Folder\極彩色\Booklet\bk_002.png"
12499549,"I:\Soulseek Downloads\Soulseek Shared Folder\lain\1999.04.28 - Tall Snake ep {PSCR-5748} [CD FLAC]\Scans\Case.png"
12460264,"I:\Soulseek Downloads\Soulseek Shared Folder\藍の華\Booklet\bk_011.png"
12406510,"I:\Soulseek Downloads\Soulseek Shared Folder\藍の華\Booklet\bk_003.png"
12388640,"I:\Soulseek Downloads\Soulseek Shared Folder\VTZL-109\BK\IMG009.png"
12340392,"I:\Soulseek Downloads\Soulseek Shared Folder\藍の華\Booklet\bk_004.png"
12332632,"I:\Soulseek Downloads\complete\red_bookNTN\2018 - Kalafina All Time Best 2008-2018\Scans + images\Photobook\41-42.png"
12307124,"I:\Soulseek Downloads\complete\red_bookNTN\2018 - Kalafina All Time Best 2008-2018\Scans + images\Photobook\39-40.png"
12305222,"I:\Soulseek Downloads\Soulseek Shared Folder\藍の華\Booklet\bk_010.png"
12234311,"I:\Soulseek Downloads\Soulseek Shared Folder\lain\1999.04.28 - Tall Snake ep {PSCR-5748} [CD FLAC]\Scans\Case-CD.png"
12229248,"I:\Soulseek Downloads\Soulseek Shared Folder\極彩色\Booklet\bk_009.png"
12204147,"I:\Soulseek Downloads\Soulseek Shared Folder\hitomi\Hitomi Kuroishi - 2015-07-03 - Angel Feather Voice 3 [KMES-15061]\Scans\Jacket Interior.png"
12194006,"I:\Soulseek Downloads\complete\red_bookNTN\2018 - Kalafina All Time Best 2008-2018\Scans + images\Photobook\55-56.png"
12192873,"I:\Soulseek Downloads\Soulseek Shared Folder\極彩色\Booklet\bk_006.png"
12122440,"I:\Soulseek Downloads\complete\red_bookNTN\2018 - Kalafina All Time Best 2008-2018\Scans + images\Photobook\25-26.png"
12108933,"I:\Soulseek Downloads\Soulseek Shared Folder\藍の華\Booklet\bk_009.png"
12026577,"I:\Soulseek Downloads\Soulseek Shared Folder\藍の華\Booklet\bk_008.png"
12016731,"I:\Soulseek Downloads\Soulseek Shared Folder\藍の華\Booklet\bk_005.png"
11994019,"I:\Soulseek Downloads\Soulseek Shared Folder\藍の華\Booklet\bk_006.png"
11918926,"I:\Soulseek Downloads\Soulseek Shared Folder\藍の華\Booklet\bk_007.png"
11908953,"I:\Soulseek Downloads\complete\red_bookNTN\2018 - Kalafina All Time Best 2008-2018\Scans + images\Photobook\07-08.png"
11884396,"I:\Soulseek Downloads\Soulseek Shared Folder\VTZL-109\BK\IMG020.png"
11825414,"I:\Soulseek Downloads\complete\red_bookNTN\2018 - Kalafina All Time Best 2008-2018\Scans + images\Photobook\49-50.png"
11809454,"I:\Soulseek Downloads\complete\red_bookNTN\2018 - Kalafina All Time Best 2008-2018\Scans + images\Photobook\05-06.png"
11795522,"I:\Soulseek Downloads\complete\Quackerkats\[SRCL 3396] Osamu Sato ‎– Equal [CD-FLAC]\Scans\00 - Case.png"
11778394,"I:\Soulseek Downloads\complete\red_bookNTN\2018 - Kalafina All Time Best 2008-2018\Scans + images\Photobook\27-28.png"
11765689,"I:\Soulseek Downloads\Soulseek Shared Folder\藍の華\Booklet\sticker.png"
11720692,"I:\Soulseek Downloads\complete\red_bookNTN\2018 - Kalafina All Time Best 2008-2018\Scans + images\Photobook\45-46.png"
11713823,"I:\Soulseek Downloads\complete\red_bookNTN\2018 - Kalafina All Time Best 2008-2018\Scans + images\Photobook\51-52.png"
11689982,"I:\Soulseek Downloads\Soulseek Shared Folder\hitomi\Hitomi Kuroishi - 2015-07-03 - Angel Feather Voice 3 [KMES-15061]\Scans\Jacket Front & Back.png"
11673717,"I:\Soulseek Downloads\complete\red_bookNTN\2018 - Kalafina All Time Best 2008-2018\Scans + images\Photobook\47-48.png"
11667232,"I:\Soulseek Downloads\complete\awano33\NieR꞉ Automata Original Soundtrack\Scans\Booklet\Booklet p. 03-04.png"
11456631,"I:\Soulseek Downloads\Soulseek Shared Folder\VTZL-109\BK\IMG012.png"
11392988,"I:\Soulseek Downloads\Soulseek Shared Folder\VTZL-109\BK\IMG019.png"
11389565,"I:\Soulseek Downloads\complete\red_bookNTN\2018 - Kalafina All Time Best 2008-2018\Scans + images\Photobook\03-04.png"
11349694,"I:\Soulseek Downloads\complete\red_bookNTN\2018 - Kalafina All Time Best 2008-2018\Scans + images\Photobook\11-12.png"
11347799,"I:\Soulseek Downloads\complete\awano33\NieR꞉ Automata Original Soundtrack\Scans\Booklet\Booklet p. 13-14.png"
11285187,"I:\Soulseek Downloads\complete\red_bookNTN\2018 - Kalafina All Time Best 2008-2018\Scans + images\Photobook\23-24.png"
11223703,"I:\Soulseek Downloads\complete\red_bookNTN\2018 - Kalafina All Time Best 2008-2018\Scans + images\Photobook\09-10.png"
11215270,"I:\Soulseek Downloads\complete\awano33\NieR꞉ Automata Original Soundtrack\Scans\Album Art\Front.png"
11194381,"I:\Soulseek Downloads\Soulseek Shared Folder\VTZL-109\BK\IMG016.png"
11114780,"I:\Soulseek Downloads\complete\Quackerkats\[SRCL 3396] Osamu Sato ‎– Equal [CD-FLAC]\Scans\11 - Cover Inside.png"
11104679,"I:\Soulseek Downloads\complete\red_bookNTN\2018 - Kalafina All Time Best 2008-2018\Scans + images\Photobook\33-34.png"
11073936,"I:\Soulseek Downloads\complete\red_bookNTN\2018 - Kalafina All Time Best 2008-2018\Scans + images\Photobook\43-44.png"
10971489,"I:\Soulseek Downloads\complete\Quackerkats\[SRCL 3396] Osamu Sato ‎– Equal [CD-FLAC]\Scans\03 - Booklet Page 2.png"
10942466,"I:\Soulseek Downloads\Soulseek Shared Folder\[天使动漫]魔法少女まどか☆マギカ外伝(wav+cue+log)\[天使动漫]魔法少女まどか☆マギカ外伝(BK - A4)\11.png"
10746634,"I:\Soulseek Downloads\Soulseek Shared Folder\VTZL-109\BK\IMG013.png"
10735823,"I:\Soulseek Downloads\Soulseek Shared Folder\VTZL-109\BK\IMG006.png"
10688821,"I:\Soulseek Downloads\Soulseek Shared Folder\Second Hand Rose - Second Hand Rose (2003) [FLAC]\cover.png"
10661540,"I:\Soulseek Downloads\complete\Debile Menthol\Booklet\創 - 02.png"
10636163,"I:\Soulseek Downloads\complete\stlx\[M3-34] C.H.S — deposition e.p.2 {CHS-0018} [CD-FLAC]\Scans\Back.png"
10605006,"I:\Soulseek Downloads\Soulseek Shared Folder\VTZL-109\BK\IMG007.png"
10597682,"I:\Soulseek Downloads\complete\stlx\[M3-34] C.H.S — deposition e.p.2 {CHS-0018} [CD-FLAC]\Scans\Back_inner.png"
10476656,"I:\Soulseek Downloads\complete\Quackerkats\[SRCL 3396] Osamu Sato ‎– Equal [CD-FLAC]\Scans\08 - Booklet Page 8.png"
10466669,"I:\Soulseek Downloads\complete\Quackerkats\[SRCL 3396] Osamu Sato ‎– Equal [CD-FLAC]\Scans\09 - Booklet Page 9.png"
10456769,"I:\Soulseek Downloads\complete\Quackerkats\[SRCL 3396] Osamu Sato ‎– Equal [CD-FLAC]\Scans\01 - Cover.png"
10433420,"I:\Soulseek Downloads\Soulseek Shared Folder\VTZL-109\BK\IMG000.png"
10410390,"I:\Soulseek Downloads\complete\red_bookNTN\2018 - Kalafina All Time Best 2008-2018\Scans + images\Photobook\57-58.png"
10397051,"I:\Soulseek Downloads\complete\awano33\NieR꞉ Automata Original Soundtrack\Scans\Album Art\Back Tray.png"
10377386,"I:\Soulseek Downloads\complete\Debile Menthol\Booklet\創 - 05.png"
10322382,"I:\Soulseek Downloads\complete\red_bookNTN\2018 - Kalafina All Time Best 2008-2018\Scans + images\Booklet B\19-20.png"
10313116,"I:\Soulseek Downloads\complete\red_bookNTN\2018 - Kalafina All Time Best 2008-2018\Scans + images\Booklet B\17-18.png"
10285629,"I:\Soulseek Downloads\complete\red_bookNTN\2018 - Kalafina All Time Best 2008-2018\Scans + images\Photobook\53-54.png"
10251539,"I:\Soulseek Downloads\Soulseek Shared Folder\hitomi\香格里拉\シャングリ・ラORIGINAL SOUND TRACK 2\VTCL-60145_01.png"
10246948,"I:\Soulseek Downloads\Soulseek Shared Folder\VTZL-109\BK\IMG002.png"
10239373,"I:\Soulseek Downloads\complete\red_bookNTN\Yu-gi-oh! 5D's Sound Duel 2 flac\Scans\10.png"
10140699,"I:\Soulseek Downloads\Soulseek Shared Folder\VTZL-109\BK\IMG010.png"
10123756,"I:\Soulseek Downloads\complete\Debile Menthol\Booklet\創 - 07.png"
10110188,"I:\Soulseek Downloads\complete\Quackerkats\[SRCL 3396] Osamu Sato ‎– Equal [CD-FLAC]\Scans\12 - Booklet Insert.png"
10106363,"I:\Soulseek Downloads\complete\red_bookNTN\2018 - Kalafina All Time Best 2008-2018\Scans + images\Booklet B\33-34.png"
10061727,"I:\Soulseek Downloads\complete\red_bookNTN\2018 - Kalafina All Time Best 2008-2018\Scans + images\Booklet B\21-22.png"
10047456,"I:\Soulseek Downloads\complete\red_bookNTN\2018 - Kalafina All Time Best 2008-2018\Scans + images\Booklet B\Front + Back.png"
9982025,"I:\Soulseek Downloads\complete\red_bookNTN\2018 - Kalafina All Time Best 2008-2018\Scans + images\Booklet B\23-24.png"
9936549,"I:\Soulseek Downloads\complete\red_bookNTN\2018 - Kalafina All Time Best 2008-2018\Scans + images\Booklet B\03-04.png"
9933286,"I:\Soulseek Downloads\Soulseek Shared Folder\VTZL-109\BK\IMG008.png"
9927119,"I:\Soulseek Downloads\complete\red_bookNTN\Yu-gi-oh! 5D's Sound Duel 3 flac\Scans\08.png"
9908666,"I:\Soulseek Downloads\complete\red_bookNTN\2018 - Kalafina All Time Best 2008-2018\Scans + images\Booklet B\05-06.png"
9843452,"I:\Soulseek Downloads\complete\red_bookNTN\2018 - Kalafina All Time Best 2008-2018\Scans + images\Booklet B\15-16.png"
9829236,"I:\Soulseek Downloads\complete\awano33\NieR꞉ Automata Original Soundtrack\Scans\Album Art\Back.png"
9782967,"I:\Soulseek Downloads\complete\awano33\NieR꞉ Automata Original Soundtrack\Scans\Album Art\Front Tray.png"
9688309,"I:\Soulseek Downloads\complete\red_bookNTN\2018 - Kalafina All Time Best 2008-2018\Scans + images\Booklet B\38-39.png"
9658429,"I:\Soulseek Downloads\Soulseek Shared Folder\VTZL-109\BK\IMG003.png"
9607841,"I:\Soulseek Downloads\Soulseek Shared Folder\1992 - Junko Yagami - Mellow Cafe (NEC Avenue)\Artwork\booklet1.png"
9605195,"I:\Soulseek Downloads\complete\red_bookNTN\2018 - Kalafina All Time Best 2008-2018\Scans + images\Photobook\01-02.png"
9565113,"I:\Soulseek Downloads\Soulseek Shared Folder\VTZL-109\BK\IMG017.png"
9511066,"I:\Soulseek Downloads\Soulseek Shared Folder\VTZL-109\BK\IMG005.png"
9505015,"I:\Soulseek Downloads\Soulseek Shared Folder\1991 - Junko Yagami - State of Amber (NEC Avenue)\Artwork\booklet2.png"
9366809,"I:\Soulseek Downloads\Soulseek Shared Folder\Rurutia\迷你专辑\RURUTIA - RESONANCE\Scans\02.png"
9362741,"I:\Soulseek Downloads\Soulseek Shared Folder\1989 - Junko Yagami - Love Is Gold (NEC Avenue)\Artwork\booklet2.png"
9352071,"I:\Soulseek Downloads\Soulseek Shared Folder\hitomi\香格里拉\シャングリ・ラORIGINAL SOUND TRACK 2\VTCL-60145_08.png"
9325120,"I:\Soulseek Downloads\Soulseek Shared Folder\白石まるみ (Marumi Shiraishi) - 風のスクリーン +2 (1982, 2022)\02 - Scans (PNG)\04 - CD\02 - Back of Disc.png"
9313249,"I:\Soulseek Downloads\Soulseek Shared Folder\1989 - Junko Yagami - Love Is Gold (NEC Avenue)\Artwork\booklet6.png"
9313111,"I:\Soulseek Downloads\Soulseek Shared Folder\hitomi\香格里拉\シャングリ・ラORIGINAL SOUND TRACK 2\VTCL-60145_04.png"
9260436,"I:\Soulseek Downloads\complete\red_bookNTN\2018 - Kalafina All Time Best 2008-2018\Scans + images\Booklet B\25-26.png"
9243637,"I:\Soulseek Downloads\Soulseek Shared Folder\藍の華\Booklet\box_04.png"
9221995,"I:\Soulseek Downloads\Soulseek Shared Folder\hitomi\香格里拉\シャングリ・ラORIGINAL SOUND TRACK 2\VTCL-60145_02.png"
9176211,"I:\Soulseek Downloads\Soulseek Shared Folder\hitomi\香格里拉\シャングリ・ラORIGINAL SOUND TRACK 2\VTCL-60145_07.png"
9172709,"I:\Soulseek Downloads\complete\red_bookNTN\Yu-gi-oh! 5D's Sound Duel 3 flac\Scans\01.png"
9113270,"I:\Soulseek Downloads\complete\red_bookNTN\2018 - Kalafina All Time Best 2008-2018\Scans + images\Booklet B\27-28.png"
9084505,"I:\Soulseek Downloads\complete\red_bookNTN\2018 - Kalafina All Time Best 2008-2018\Scans + images\Booklet B\11-12.png"
9083725,"I:\Soulseek Downloads\Soulseek Shared Folder\[2008.12.29] Arco-Iris\Scans\ACCD-0009_05.png"
9081014,"I:\Soulseek Downloads\Soulseek Shared Folder\白石まるみ (Marumi Shiraishi) - 風のスクリーン +2 (1982, 2022)\02 - Scans (PNG)\03 - Singles Reprint Inclusions\04 - Second Single (Back).png"
9026599,"I:\Soulseek Downloads\complete\red_bookNTN\2018 - Kalafina All Time Best 2008-2018\Scans + images\Booklet B\09-10.png"
8976928,"I:\Soulseek Downloads\complete\red_bookNTN\2018 - Kalafina All Time Best 2008-2018\Scans + images\Booklet B\31-32.png"
8960487,"I:\Soulseek Downloads\complete\red_bookNTN\2018 - Kalafina All Time Best 2008-2018\Scans + images\Booklet B\29-30.png"
8948813,"I:\Soulseek Downloads\Soulseek Shared Folder\極彩色\Booklet\img001.png"
8862924,"I:\Soulseek Downloads\complete\red_bookNTN\2018 - Kalafina All Time Best 2008-2018\Scans + images\Booklet B\07-08.png"
8824544,"I:\Soulseek Downloads\complete\red_bookNTN\2018 - Kalafina All Time Best 2008-2018\Scans + images\Booklet B\13-14.png"
8771817,"I:\Soulseek Downloads\Soulseek Shared Folder\[170614]澤野弘之 - Re-CREATORS Original Soundtrack\BK\IMG_20170613_0005.png"
8767064,"I:\Soulseek Downloads\complete\red_bookNTN\2018 - Kalafina All Time Best 2008-2018\Scans + images\Booklet B\35-36.png"
8729958,"I:\Soulseek Downloads\Soulseek Shared Folder\hitomi\香格里拉\シャングリ・ラORIGINAL SOUND TRACK 2\VTCL-60145_05.png"
8723313,"I:\Soulseek Downloads\complete\red_bookNTN\2018 - Kalafina All Time Best 2008-2018\Scans + images\Booklet B\01-02.png"
8642460,"I:\Soulseek Downloads\Soulseek Shared Folder\[2008.12.29] Arco-Iris\Scans\ACCD-0009_02.png"
8541839,"I:\Soulseek Downloads\Soulseek Shared Folder\VTZL-109\BK\DISC2.png"
8443460,"I:\Soulseek Downloads\Soulseek Shared Folder\VTZL-109\BK\IMG001.png"
8432290,"I:\Soulseek Downloads\Soulseek Shared Folder\Rurutia\迷你专辑\RURUTIA - RESONANCE\Scans\03.png"
8416166,"I:\Soulseek Downloads\Soulseek Shared Folder\hitomi\东方八犬异闻\ED2 奏愛カレンデュラ\BK\奏愛カレンデュラ006.png"
8409172,"I:\Soulseek Downloads\complete\red_bookNTN\Yu-gi-oh! 5D's Sound Duel 3 flac\Scans\02.png"
8392028,"I:\Soulseek Downloads\complete\red_book\[DVSP-0144] LAST DANCE (C89)\Scans\Back.png"
8331027,"I:\Soulseek Downloads\Soulseek Shared Folder\hitomi\东方八犬异闻\ED2 奏愛カレンデュラ\BK\奏愛カレンデュラ007.png"
8309622,"I:\Soulseek Downloads\Soulseek Shared Folder\[210226]ゲーム「冥契のルペルカリア」ORIGINAL SOUND TRACK\BK\IMG_20210317_0002.png"
8296378,"I:\Soulseek Downloads\Soulseek Shared Folder\hitomi\香格里拉\シャングリ・ラORIGINAL SOUND TRACK 2\VTCL-60145_06.png"
8270192,"I:\Soulseek Downloads\Soulseek Shared Folder\白石まるみ (Marumi Shiraishi) - 風のスクリーン +2 (1982, 2022)\02 - Scans (PNG)\03 - Singles Reprint Inclusions\02 - Debut Single (Back).png"
8258359,"I:\Soulseek Downloads\complete\jackiqq1q\[1998] Fishmans (フィッシュマンズ) - LONG SEASON '96-7 96.12.26\Scans\front full.png"
8252078,"I:\Soulseek Downloads\complete\Quackerkats\[SRCL 3396] Osamu Sato ‎– Equal [CD-FLAC]\Scans\07 - Booklet Page 7.png"
8182956,"I:\Soulseek Downloads\Soulseek Shared Folder\1989 - Junko Yagami - Love Is Gold (NEC Avenue)\Artwork\booklet4.png"
8150958,"I:\Soulseek Downloads\Soulseek Shared Folder\[2008.12.29] Arco-Iris\Scans\ACCD-0009_04.png"
8080953,"I:\Soulseek Downloads\Soulseek Shared Folder\[170614]澤野弘之 - Re-CREATORS Original Soundtrack\BK\IMG_20170613_0004.png"
8072873,"I:\Soulseek Downloads\Soulseek Shared Folder\[2008.12.29] Arco-Iris\Scans\ACCD-0009_03.png"
7873193,"I:\Soulseek Downloads\complete\red_bookNTN\Yu-gi-oh! 5D's Sound Duel 3 flac\Scans\04.png"
7807662,"I:\Soulseek Downloads\complete\Quackerkats\[SRCL 3396] Osamu Sato ‎– Equal [CD-FLAC]\Scans\10 - Booklet Page 10.png"
7796786,"I:\Soulseek Downloads\Soulseek Shared Folder\白石まるみ (Marumi Shiraishi) - 風のスクリーン +2 (1982, 2022)\02 - Scans (PNG)\03 - Singles Reprint Inclusions\06 - Third Single (Back).png"
7608018,"I:\Soulseek Downloads\Soulseek Shared Folder\Rurutia\迷你专辑\RURUTIA - RESONANCE\Scans\01.png"
7501263,"I:\Soulseek Downloads\Soulseek Shared Folder\1992 - Junko Yagami - Mellow Cafe (NEC Avenue)\Artwork\booklet3.png"
7475898,"I:\Soulseek Downloads\complete\Quackerkats\[SRCL 3396] Osamu Sato ‎– Equal [CD-FLAC]\Scans\02 - Booklet Page 1.png"
7467091,"I:\Soulseek Downloads\Soulseek Shared Folder\1992 - Junko Yagami - Mellow Cafe (NEC Avenue)\Artwork\booklet4.png"
7445816,"I:\Soulseek Downloads\Soulseek Shared Folder\1992 - Junko Yagami - Mellow Cafe (NEC Avenue)\Artwork\booklet2.png"
7422357,"I:\Soulseek Downloads\complete\Quackerkats\[SRCL 3396] Osamu Sato ‎– Equal [CD-FLAC]\Scans\05 - Booklet Page 4.png"
7397770,"I:\Soulseek Downloads\Soulseek Shared Folder\藍の華\Booklet\CDケース_02.png"
7356945,"I:\Soulseek Downloads\complete\red_bookNTN\2018 - Kalafina All Time Best 2008-2018\Scans + images\Disc Case B\Front Jacket - Outer.png"
7349103,"I:\Soulseek Downloads\complete\red_bookNTN\2018 - Kalafina All Time Best 2008-2018\Scans + images\Disc Case B\Back Jacket - Outer.png"
7324955,"I:\Soulseek Downloads\Soulseek Shared Folder\1992 - Junko Yagami - Mellow Cafe (NEC Avenue)\Artwork\digipack2.png"
7292823,"I:\Soulseek Downloads\complete\red_bookNTN\2018 - Kalafina All Time Best 2008-2018\Scans + images\Disc Case B\Front Jacket - Inner.png"
7292750,"I:\Soulseek Downloads\Soulseek Shared Folder\1991 - Junko Yagami - State of Amber (NEC Avenue)\Artwork\booklet1.png"
7281847,"I:\Soulseek Downloads\Soulseek Shared Folder\1992 - Junko Yagami - Mellow Cafe (NEC Avenue)\Artwork\booklet6.png"
7275932,"I:\Soulseek Downloads\complete\red_bookNTN\2018 - Kalafina All Time Best 2008-2018\Scans + images\Disc Case B\Back Jacket - Inner.png"
7274582,"I:\Soulseek Downloads\Soulseek Shared Folder\Rurutia\专辑\NODE From R(tak+cue+png)\Scan\PHOX-100010_03.png"
7210619,"I:\Soulseek Downloads\complete\diaphragma\Scans\1.png"
7176966,"I:\Soulseek Downloads\Soulseek Shared Folder\Rurutia\专辑\NODE From R(tak+cue+png)\Scan\PHOX-100010_06.png"
7096640,"I:\Soulseek Downloads\Soulseek Shared Folder\hitomi\东方八犬异闻\ED2 奏愛カレンデュラ\BK\奏愛カレンデュラ001.png"
7053015,"I:\Soulseek Downloads\Soulseek Shared Folder\hitomi\东方八犬异闻\八犬伝--东方八犬异闻- ORIGINAL SOUND TRACK 2\BK\IMG_0005.png"
7020073,"I:\Soulseek Downloads\Soulseek Shared Folder\Rurutia\专辑\NODE From R(tak+cue+png)\Scan\PHOX-100010_05.png"
6985547,"I:\Soulseek Downloads\Soulseek Shared Folder\hitomi\东方八犬异闻\八犬伝--东方八犬异闻- ORIGINAL SOUND TRACK 2\BK\IMG_0006.png"
6962354,"I:\Soulseek Downloads\complete\Quackerkats\[SRCL 3396] Osamu Sato ‎– Equal [CD-FLAC]\Scans\16 - OBI.png"
6877359,"I:\Soulseek Downloads\complete\Quackerkats\[SRCL 3396] Osamu Sato ‎– Equal [CD-FLAC]\Scans\04 - Booklet Page 3.png"
6845339,"I:\Soulseek Downloads\Soulseek Shared Folder\NieR Gestalt & Replicant 15 Nightmares & Arrange Tracks (2010) [SQEX-10212]\Scans\Booklet p. 05-06.png"
6793384,"I:\Soulseek Downloads\Soulseek Shared Folder\1987 - Junko Yagami - Truth Hurts (NEC Avenue)\Artwork\booklet2.png"
6784199,"I:\Soulseek Downloads\complete\red_bookNTN\2018 - Kalafina All Time Best 2008-2018\Scans + images\Booklet A\Front + Back.png"
6753723,"I:\Soulseek Downloads\Soulseek Shared Folder\Rurutia\专辑\NODE From R(tak+cue+png)\Scan\PHOX-100010_08.png"
6742458,"I:\Soulseek Downloads\complete\X2000\Blue Stahli - Antisleep Volume 01 (2008) [FLAC]\cover.png"
6732130,"I:\Soulseek Downloads\Soulseek Shared Folder\1991 - Junko Yagami - State of Amber (NEC Avenue)\Artwork\booklet6.png"
6701476,"I:\Soulseek Downloads\complete\Debile Menthol\Booklet\創 - 08.png"
6693915,"I:\Soulseek Downloads\complete\Debile Menthol\Booklet\創 - 06.png"
6664597,"I:\Soulseek Downloads\Soulseek Shared Folder\NieR Gestalt & Replicant 15 Nightmares & Arrange Tracks (2010) [SQEX-10212]\Scans\Booklet p. 03-04.png"
6644332,"I:\Soulseek Downloads\complete\awano33\NieR꞉ Automata Original Soundtrack\Scans\Album Art\Disc 3.png"
6621893,"I:\Soulseek Downloads\Soulseek Shared Folder\Bandari - 12CD\1998 Bandari - Heaven Blue\cover.png"
6569570,"I:\Soulseek Downloads\Soulseek Shared Folder\NieR Tribute Album -echo- (2011) [SQEX-10247]\Scans\Booklet p. 02-03.png"
6567034,"I:\Soulseek Downloads\complete\deafmute\[NoobTracks] NieR Music Concert & Talk Live Soundtrack [FLAC]\Scans\Booklet Front & Back.png"
6553830,"I:\Soulseek Downloads\complete\deafmute\[NoobTracks] NieR Music Concert & Talk Live Soundtrack [FLAC]\Scans\Booklet p. 01-02.png"
6533871,"I:\Soulseek Downloads\complete\Debile Menthol\Booklet\創 - 04.png"
6525148,"I:\Soulseek Downloads\complete\red_bookNTN\Yu-gi-oh! 5D's Sound Duel 2 flac\Scans\07.png"
6489734,"I:\Soulseek Downloads\complete\red_bookNTN\2018 - Kalafina All Time Best 2008-2018\Scans + images\Photobook\21-22.png"
6484112,"I:\Soulseek Downloads\Soulseek Shared Folder\1989 - Junko Yagami - Love Is Gold (NEC Avenue)\Artwork\booklet5.png"
6449374,"I:\Soulseek Downloads\complete\Debile Menthol\Booklet\創 - 03.png"
6421044,"I:\Soulseek Downloads\Soulseek Shared Folder\VTZL-109\BK\DISC1.png"
6384180,"I:\Soulseek Downloads\Soulseek Shared Folder\1989 - Junko Yagami - Love Is Gold (NEC Avenue)\Artwork\booklet3.png"
6380716,"I:\Soulseek Downloads\Soulseek Shared Folder\Rurutia\专辑\NODE From R(tak+cue+png)\Scan\PHOX-100010_07.png"
6376646,"I:\Soulseek Downloads\Soulseek Shared Folder\1991 - Junko Yagami - State of Amber (NEC Avenue)\Artwork\booklet4.png"
6327984,"I:\Soulseek Downloads\Soulseek Shared Folder\hitomi\东方八犬异闻\ED2 奏愛カレンデュラ\BK\奏愛カレンデュラ004.png"
6295202,"I:\Soulseek Downloads\Soulseek Shared Folder\[M3-32] MUSIRISCA — 一鼓 音楽集—天之調—  {MRCY-0004} [CD-FLAC]\Scans\MRCY-0004_02.png"
6199457,"I:\Soulseek Downloads\complete\red_bookNTN\2018 - Kalafina All Time Best 2008-2018\Scans + images\Photobook\Back.png"
6149087,"I:\Soulseek Downloads\Soulseek Shared Folder\1991 - Junko Yagami - State of Amber (NEC Avenue)\Artwork\booklet5.png"
6122880,"I:\Soulseek Downloads\Soulseek Shared Folder\VTZL-109\BK\IMG004.png"
6119652,"I:\Soulseek Downloads\Soulseek Shared Folder\Rurutia\专辑\NODE From R(tak+cue+png)\Scan\PHOX-100010_09.png"
6091143,"I:\Soulseek Downloads\complete\red_bookNTN\Yu-gi-oh! 5D's Sound Duel 2 flac\Scans\06.png"
6070156,"I:\Soulseek Downloads\complete\stlx\[M3-34] C.H.S — deposition e.p.2 {CHS-0018} [CD-FLAC]\Scans\Front_inner.png"
6069047,"I:\Soulseek Downloads\Soulseek Shared Folder\Bandari - 12CD\1990 Bandari - Silence\cover.png"
6039911,"I:\Soulseek Downloads\complete\red_bookNTN\2018 - Kalafina All Time Best 2008-2018\Scans + images\Photobook\Cover.png"
6032984,"I:\Soulseek Downloads\Soulseek Shared Folder\1987 - Junko Yagami - Truth Hurts (NEC Avenue)\Artwork\booklet4.png"
5997302,"I:\Soulseek Downloads\Soulseek Shared Folder\Rurutia\专辑\NODE From R(tak+cue+png)\Scan\PHOX-100010_04.png"
5969021,"I:\Soulseek Downloads\Soulseek Shared Folder\[170614]澤野弘之 - Re-CREATORS Original Soundtrack\BK\IMG_20170613_0006.png"
5960462,"I:\Soulseek Downloads\Soulseek Shared Folder\[170614]澤野弘之 - Re-CREATORS Original Soundtrack\BK\IMG_20170613_0002.png"
5954538,"I:\Soulseek Downloads\Soulseek Shared Folder\NieR Tribute Album -echo- (2011) [SQEX-10247]\Scans\Booklet Front & Back.png"
5925908,"I:\Soulseek Downloads\Soulseek Shared Folder\1987 - Junko Yagami - Truth Hurts (NEC Avenue)\Artwork\booklet3.png"
5875758,"I:\Soulseek Downloads\complete\red_bookNTN\2018 - Kalafina All Time Best 2008-2018\Scans + images\Box obi.png"
5869988,"I:\Soulseek Downloads\complete\red_book\[DVSP-0136] AD：PIANO VIVACE (C88)\Scans\Back.png"
5869307,"I:\Soulseek Downloads\Soulseek Shared Folder\NieR Tribute Album -echo- (2011) [SQEX-10247]\Scans\Booklet p. 01-04.png"
5861144,"I:\Soulseek Downloads\Soulseek Shared Folder\NieR Gestalt & Replicant 15 Nightmares & Arrange Tracks (2010) [SQEX-10212]\Scans\Booklet p. 01-02.png"
5847409,"I:\Soulseek Downloads\Soulseek Shared Folder\Rurutia\专辑\NODE From R(tak+cue+png)\Scan\PHOX-100010_10.png"
5814279,"I:\Soulseek Downloads\complete\awano33\NieR꞉ Automata Original Soundtrack\Scans\Album Art\Disc 1.png"
5791720,"I:\Soulseek Downloads\Soulseek Shared Folder\1991 - Junko Yagami - State of Amber (NEC Avenue)\Artwork\booklet3.png"
5774595,"I:\Soulseek Downloads\Soulseek Shared Folder\1992 - Junko Yagami - Mellow Cafe (NEC Avenue)\Artwork\booklet5.png"
5754623,"I:\Soulseek Downloads\complete\stlx\[M3-34] C.H.S — deposition e.p.2 {CHS-0018} [CD-FLAC]\Scans\Disc.png"
5745008,"I:\Soulseek Downloads\Soulseek Shared Folder\Rurutia\迷你专辑\RURUTIA - RESONANCE\Scans\05.png"
5738076,"I:\Soulseek Downloads\Soulseek Shared Folder\君をのせて\Scans\01.png"
5718941,"I:\Soulseek Downloads\complete\Letham\Laputa - Castle in the Sky Image Album -The Girl Who Fell from the Sky-\100000x100000-999.png"
5604519,"I:\Soulseek Downloads\Soulseek Shared Folder\[170614]澤野弘之 - Re-CREATORS Original Soundtrack\BK\IMG_20170613_0007.png"
5592036,"I:\Soulseek Downloads\complete\red_book\ZUN\[2006] Oozora Majutsu- Magical Astronomy (ZUN's Music Collection Vol. 5) [ZCDS-0007] [FLAC]\Folder.png"
5582965,"I:\Soulseek Downloads\complete\red_book\[DVSP-0136] AD：PIANO VIVACE (C88)\Scans\Back_inner.png"
5493045,"I:\Soulseek Downloads\Soulseek Shared Folder\《麻音乐-被侮辱的姿势》(FLAC)\Artwork\Back.png"
5469739,"I:\Soulseek Downloads\Soulseek Shared Folder\1991 - Junko Yagami - State of Amber (NEC Avenue)\Artwork\digipack2.png"
5432094,"I:\Soulseek Downloads\Soulseek Shared Folder\NieR Tribute Album -echo- (2011) [SQEX-10247]\Scans\Back.png"
5364746,"I:\Soulseek Downloads\Soulseek Shared Folder\ak+q - Garden Fragmentatia\cover.png"
5317088,"I:\Soulseek Downloads\complete\awano33\NieR꞉ Automata Original Soundtrack\Scans\Album Art\Disc 2.png"
5271560,"I:\Soulseek Downloads\Soulseek Shared Folder\[170614]澤野弘之 - Re-CREATORS Original Soundtrack\BK\IMG_20170613_0008.png"
5263246,"I:\Soulseek Downloads\Soulseek Shared Folder\[170614]澤野弘之 - Re-CREATORS Original Soundtrack\BK\IMG_20170613_0011.png"
5171880,"I:\Soulseek Downloads\complete\red_book\[DVSP-0144] LAST DANCE (C89)\Scans\Front_inner.png"
5143062,"I:\Soulseek Downloads\Soulseek Shared Folder\hitomi\Hitomi Kuroishi - 2015-07-03 - Angel Feather Voice 3 [KMES-15061]\Scans\Insert Front.png"
5142490,"I:\Soulseek Downloads\Soulseek Shared Folder\[2008.12.29] Arco-Iris\Scans\ACCD-0009_09.png"
5129133,"I:\Soulseek Downloads\Soulseek Shared Folder\hitomi\东方八犬异闻\ED2 奏愛カレンデュラ\BK\奏愛カレンデュラ005.png"
5126174,"I:\Soulseek Downloads\Soulseek Shared Folder\[170614]澤野弘之 - Re-CREATORS Original Soundtrack\BK\IMG_20170613_0003.png"
5101713,"I:\Soulseek Downloads\Soulseek Shared Folder\1991 - Junko Yagami - State of Amber (NEC Avenue)\Artwork\digipack1.png"
5088373,"I:\Soulseek Downloads\complete\red_book\[DVSP-0136] AD：PIANO VIVACE (C88)\Scans\Front_inner.png"
5054799,"I:\Soulseek Downloads\Soulseek Shared Folder\1987 - Junko Yagami - Truth Hurts (NEC Avenue)\Artwork\back.png"
5005068,"I:\Soulseek Downloads\Soulseek Shared Folder\[2008.12.29] Arco-Iris\Scans\ACCD-0009_08.png"
4982455,"I:\Soulseek Downloads\Soulseek Shared Folder\Rurutia\迷你专辑\RURUTIA - RESONANCE\Scans\04.png"
4953173,"I:\Soulseek Downloads\complete\stompcomb\1988 - Isn't Anything (2012 Remastered Reissue. Sony Music UK, 88697312082. CD)\Artwork\02 - Rear.png"
4929353,"I:\Soulseek Downloads\Soulseek Shared Folder\1989 - Junko Yagami - Love Is Gold (NEC Avenue)\Artwork\back.png"
4920005,"I:\Soulseek Downloads\complete\Quackerkats\[SRCL 3396] Osamu Sato ‎– Equal [CD-FLAC]\Scans\15 - Disc.png"
4913846,"I:\Soulseek Downloads\Soulseek Shared Folder\hitomi\香格里拉\シャングリ・ラORIGINAL SOUND TRACK 2\VTCL-60145_09.png"
4854479,"I:\Soulseek Downloads\complete\Debile Menthol\Booklet\創 - 01 - Cover.png"
4771845,"I:\Soulseek Downloads\Soulseek Shared Folder\[170614]澤野弘之 - Re-CREATORS Original Soundtrack\BK\IMG_20170613_0009.png"
4765556,"I:\Soulseek Downloads\Soulseek Shared Folder\hitomi\香格里拉\シャングリ・ラORIGINAL SOUND TRACK 2\VTCL-60145_11.png"
4756076,"I:\Soulseek Downloads\complete\red_bookNTN\2018 - Kalafina All Time Best 2008-2018\Scans + images\Disc Case A\Front Jacket - Outer.png"
4743682,"I:\Soulseek Downloads\complete\red_bookNTN\Yu-gi-oh! 5D's Sound Duel 3 flac\Scans\06.png"
4707065,"I:\Soulseek Downloads\Soulseek Shared Folder\1992 - Junko Yagami - Mellow Cafe (NEC Avenue)\Artwork\digipack3.png"
4693858,"I:\Soulseek Downloads\Soulseek Shared Folder\KKBOX Downloads\惘闻 Wang Wen\十萬個為什麼\cover.png"
4681514,"I:\Soulseek Downloads\complete\red_bookNTN\2018 - Kalafina All Time Best 2008-2018\Scans + images\Disc 02.png"
4674056,"I:\Soulseek Downloads\complete\red_book\[DVSP-0136] AD：PIANO VIVACE (C88)\Scans\Front.png"
4658135,"I:\Soulseek Downloads\Soulseek Shared Folder\《麻音乐-被侮辱的姿势》(FLAC)\Artwork\Front.png"
4642197,"I:\Soulseek Downloads\complete\red_bookNTN\2018 - Kalafina All Time Best 2008-2018\Scans + images\Disc 01.png"
4622379,"I:\Soulseek Downloads\Soulseek Shared Folder\《麻音乐-被侮辱的姿势》(FLAC)\Artwork\Extra.png"
4592586,"I:\Soulseek Downloads\complete\red_bookNTN\2018 - Kalafina All Time Best 2008-2018\Scans + images\Disc 03.png"
4504900,"I:\Soulseek Downloads\Soulseek Shared Folder\hitomi\香格里拉\シャングリ・ラORIGINAL SOUND TRACK 2\VTCL-60145_03.png"
4490695,"I:\Soulseek Downloads\complete\red_bookNTN\Yu-gi-oh! 5D's Sound Duel 3 flac\Scans\05.png"
4479987,"I:\Soulseek Downloads\complete\awano33\NieR꞉ Automata Original Soundtrack\Scans\Booklet\Obi Front.png"
4460647,"I:\Soulseek Downloads\complete\stompcomb\1988 - Isn't Anything (2012 Remastered Reissue. Sony Music UK, 88697312082. CD)\Artwork\01 - Front.png"
4442642,"I:\Soulseek Downloads\Soulseek Shared Folder\KKBOX Downloads\MEmento·MORI\cover.png"
4440617,"I:\Soulseek Downloads\Soulseek Shared Folder\(M3-28) hagall — fragment [FLAC+CUE+Scans]\Scans\Image0008.png"
4421427,"I:\Soulseek Downloads\Soulseek Shared Folder\1987 - Junko Yagami - Truth Hurts (NEC Avenue)\Artwork\booklet1.png"
4371828,"I:\Soulseek Downloads\Soulseek Shared Folder\Rurutia\专辑\NODE From R(tak+cue+png)\Scan\PHOX-100010_11.png"
4344650,"I:\Soulseek Downloads\Soulseek Shared Folder\極彩色\Booklet\img003.png"
4331114,"I:\Soulseek Downloads\Soulseek Shared Folder\[2008.12.29] Arco-Iris\cover.png"
4331114,"I:\Soulseek Downloads\Soulseek Shared Folder\[2008.12.29] Arco-Iris\Scans\ACCD-0009_01.png"
4314616,"I:\Soulseek Downloads\Soulseek Shared Folder\1987 - Junko Yagami - Truth Hurts (NEC Avenue)\Artwork\booklet5.png"
4262617,"I:\Soulseek Downloads\complete\red_bookNTN\2018 - Kalafina All Time Best 2008-2018\Scans + images\Disc 05.png"
4256228,"I:\Soulseek Downloads\Soulseek Shared Folder\Rurutia\专辑\NODE From R(tak+cue+png)\Scan\PHOX-100010_12.png"
4256099,"I:\Soulseek Downloads\Soulseek Shared Folder\Bandari - 12CD\1990 Bandari - Wonderland\cover.png"
4250118,"I:\Soulseek Downloads\Soulseek Shared Folder\[170614]澤野弘之 - Re-CREATORS Original Soundtrack\BK\IMG_20170613_0010.png"
4225575,"I:\Soulseek Downloads\Soulseek Shared Folder\NieR Tribute Album -echo- (2011) [SQEX-10247]\Scans\Tray.png"
4221289,"I:\Soulseek Downloads\complete\stompcomb\1988 - Isn't Anything (2012 Remastered Reissue. Sony Music UK, 88697312082. CD)\Artwork\05 - Inside.png"
4204285,"I:\Soulseek Downloads\Soulseek Shared Folder\hitomi\东方八犬异闻\八犬伝--东方八犬异闻- ORIGINAL SOUND TRACK 2\BK\IMG_0002.png"
4148069,"I:\Soulseek Downloads\Soulseek Shared Folder\[M3-32] MUSIRISCA — 一鼓 音楽集—天之調—  {MRCY-0004} [CD-FLAC]\Scans\MRCY-0004_05.png"
4108782,"I:\Soulseek Downloads\complete\DeeDyne\Osamu Sato - The Esoteric Retina\The Esoteric Retina - Front Cover (Cutted).png"
4067986,"I:\Soulseek Downloads\complete\DeeDyne\Osamu Sato - The Esoteric Retina\The Esoteric Retina - Front Cover (Cutted - Right Square).png"
4062975,"I:\Soulseek Downloads\Soulseek Shared Folder\1989 - Junko Yagami - Love Is Gold (NEC Avenue)\Artwork\booklet7.png"
4047859,"I:\Soulseek Downloads\Soulseek Shared Folder\hitomi\Hitomi Kuroishi - 2015-07-03 - Angel Feather Voice 3 [KMES-15061]\Scans\Disc Front.png"
4028655,"I:\Soulseek Downloads\Soulseek Shared Folder\(M3-28) hagall — fragment [FLAC+CUE+Scans]\Scans\Image0007.png"
3968734,"I:\Soulseek Downloads\Soulseek Shared Folder\1989 - Junko Yagami - Love Is Gold (NEC Avenue)\Artwork\booklet1.png"
3962796,"I:\Soulseek Downloads\complete\+-+\MUSIRISCA\Forest in the Mist\cover.png"
3956815,"I:\Soulseek Downloads\Soulseek Shared Folder\KKBOX Downloads\惘闻 Wang Wen\0.7\cover.png"
3943952,"I:\Soulseek Downloads\Soulseek Shared Folder\[M3-32] MUSIRISCA — 一鼓 音楽集—天之調—  {MRCY-0004} [CD-FLAC]\Scans\MRCY-0004_01.png"
3931635,"I:\Soulseek Downloads\Soulseek Shared Folder\KKBOX Downloads\惘闻 Wang Wen\二十八天失眠日记\cover.png"
3898200,"I:\Soulseek Downloads\Soulseek Shared Folder\Rurutia\专辑\NODE From R(tak+cue+png)\Scan\PHOX-100010_02.png"
3846844,"I:\Soulseek Downloads\Soulseek Shared Folder\hitomi\东方八犬异闻\八犬伝--东方八犬异闻- ORIGINAL SOUND TRACK 2\BK\IMG_0001.png"
3844347,"I:\Soulseek Downloads\complete\red_bookNTN\2018 - Kalafina All Time Best 2008-2018\Scans + images\Disc Case A\Back Jacket - Outer.png"
3837603,"I:\Soulseek Downloads\Soulseek Shared Folder\藍の華\Booklet\box_03.png"
3791703,"I:\Soulseek Downloads\Soulseek Shared Folder\(M3-28) hagall — fragment [FLAC+CUE+Scans]\Scans\Image0003.png"
3752416,"I:\Soulseek Downloads\Soulseek Shared Folder\[2008.12.29] Arco-Iris\Scans\ACCD-0009_06.png"
3719688,"I:\Soulseek Downloads\complete\red_bookNTN\Yu-gi-oh! 5D's Sound Duel 2 flac\Scans\08.png"
3717663,"I:\Soulseek Downloads\Soulseek Shared Folder\1992 - Junko Yagami - Mellow Cafe (NEC Avenue)\Artwork\digipack1.png"
3694446,"I:\Soulseek Downloads\Soulseek Shared Folder\1991 - Junko Yagami - State of Amber (NEC Avenue)\Artwork\digipack3.png"
3682928,"I:\Soulseek Downloads\Soulseek Shared Folder\(M3-28) hagall — fragment [FLAC+CUE+Scans]\Scans\Image0004.png"
3664520,"I:\Soulseek Downloads\Soulseek Shared Folder\Rurutia\迷你专辑\RURUTIA - RESONANCE\Scans\08.png"
3626063,"I:\Soulseek Downloads\Soulseek Shared Folder\KKBOX Downloads\惘闻 Wang Wen\L&R\cover.png"
3608346,"I:\Soulseek Downloads\Soulseek Shared Folder\《麻音乐-被侮辱的姿势》(FLAC)\Artwork\Disc.png"
3605671,"I:\Soulseek Downloads\Soulseek Shared Folder\(M3-28) hagall — fragment [FLAC+CUE+Scans]\Scans\Image0006.png"
3592199,"I:\Soulseek Downloads\complete\red_bookNTN\2018 - Kalafina All Time Best 2008-2018\Scans + images\Disc 06.png"
3590810,"I:\Soulseek Downloads\Soulseek Shared Folder\KKBOX Downloads\惘闻 Wang Wen\RE - RE - RE -\cover.png"
3578160,"I:\Soulseek Downloads\complete\red_bookNTN\2018 - Kalafina All Time Best 2008-2018\Scans + images\Disc 04.png"
3570755,"I:\Soulseek Downloads\complete\stlx\[M3-34] C.H.S — deposition e.p.2 {CHS-0018} [CD-FLAC]\Scans\Obi.png"
3568304,"I:\Soulseek Downloads\Soulseek Shared Folder\KKBOX Downloads\安娜其\安娜其\cover.png"
3491572,"I:\Soulseek Downloads\Soulseek Shared Folder\Rurutia\迷你专辑\RURUTIA - RESONANCE\Scans\07.png"
3486326,"I:\Soulseek Downloads\Soulseek Shared Folder\KKBOX Downloads\超人間要塞ヒロシ戦記（オリジナルサウンドトラック）\cover.png"
3472410,"I:\Soulseek Downloads\Soulseek Shared Folder\NieR Tribute Album -echo- (2011) [SQEX-10247]\Scans\Disc.png"
3471587,"I:\Soulseek Downloads\Soulseek Shared Folder\hitomi\Hitomi Kuroishi - 2015-07-03 - Angel Feather Voice 3 [KMES-15061]\Scans\Disc Back.png"
3459610,"I:\Soulseek Downloads\Soulseek Shared Folder\[170614]澤野弘之 - Re-CREATORS Original Soundtrack\BK\IMG_20170613_0012.png"
3399161,"I:\Soulseek Downloads\Soulseek Shared Folder\[170614]澤野弘之 - Re-CREATORS Original Soundtrack\BK\IMG_20170613_0001.png"
3378148,"I:\Soulseek Downloads\complete\Debile Menthol\Booklet\創 - 09 - Back Cover.png"
3356243,"I:\Soulseek Downloads\Soulseek Shared Folder\[170614]澤野弘之 - Re-CREATORS Original Soundtrack\BK\IMG_20170613_0013.png"
3338835,"I:\Soulseek Downloads\Soulseek Shared Folder\Rurutia\专辑\NODE From R(tak+cue+png)\Scan\PHOX-100010_01.png"
3305110,"I:\Soulseek Downloads\complete\red_bookNTN\2018 - Kalafina All Time Best 2008-2018\Scans + images\Booklet A\40-41.png"
3286156,"I:\Soulseek Downloads\Soulseek Shared Folder\NieR Gestalt & Replicant 15 Nightmares & Arrange Tracks (2010) [SQEX-10212]\Scans\Booklet Front.png"
3274069,"I:\Soulseek Downloads\Soulseek Shared Folder\Pixel Mixers - NieR ReArranged\NieR ReArranged [Troisnyx].png"
3218226,"I:\Soulseek Downloads\complete\stompcomb\1988 - Isn't Anything (2012 Remastered Reissue. Sony Music UK, 88697312082. CD)\Artwork\04 - Inside.png"
3208613,"I:\Soulseek Downloads\complete\red_bookNTN\2018 - Kalafina All Time Best 2008-2018\Scans + images\Booklet A\38-39.png"
3203293,"I:\Soulseek Downloads\Soulseek Shared Folder\極彩色\Booklet\img004.png"
3160219,"I:\Soulseek Downloads\complete\stompcomb\1988 - Isn't Anything (2012 Remastered Reissue. Sony Music UK, 88697312082. CD)\Artwork\03 - Inside.png"
3098624,"I:\Soulseek Downloads\Soulseek Shared Folder\1991 - Junko Yagami - State of Amber (NEC Avenue)\Artwork\cd.png"
3074879,"I:\Soulseek Downloads\complete\deafmute\[NoobTracks] NieR Music Concert & Talk Live Soundtrack [FLAC]\Scans\Disc.png"
3013014,"I:\Soulseek Downloads\complete\Sjoetroll\14. Space – Just Blue (Gala Records Russia 2006)\cover.png"
2998204,"I:\Soulseek Downloads\Soulseek Shared Folder\KKBOX Downloads\惘闻 Wang Wen\7 Objects in Another Infinite Space\cover.png"
2939337,"I:\Soulseek Downloads\Soulseek Shared Folder\1989 - Junko Yagami - Love Is Gold (NEC Avenue)\Artwork\cd.png"
2902732,"I:\Soulseek Downloads\complete\awano33\NieR꞉ Automata Original Soundtrack\Scans\Booklet\Obi Back.png"
2885268,"I:\Soulseek Downloads\Soulseek Shared Folder\hitomi\Hitomi Kuroishi - 2015-07-03 - Angel Feather Voice 3 [KMES-15061]\Scans\Insert Back.png"
2872227,"I:\Soulseek Downloads\Soulseek Shared Folder\1987 - Junko Yagami - Truth Hurts (NEC Avenue)\Artwork\cd.png"
2857701,"I:\Soulseek Downloads\Soulseek Shared Folder\KKBOX Downloads\惘闻 Wang Wen\IV\cover.png"
2841312,"I:\Soulseek Downloads\Soulseek Shared Folder\1997 - 造飞机的工厂\cover.png"
2835874,"I:\Soulseek Downloads\Soulseek Shared Folder\KKBOX Downloads\深海童话 (Fairy Tales of the Ocean Deep)\cover.png"
2825599,"I:\Soulseek Downloads\Soulseek Shared Folder\[M3-32] MUSIRISCA — 一鼓 音楽集—天之調—  {MRCY-0004} [CD-FLAC]\cover.png"
2813524,"I:\Soulseek Downloads\Soulseek Shared Folder\KKBOX Downloads\安娜其\开箱\cover.png"
2802413,"I:\Soulseek Downloads\Soulseek Shared Folder\NieR Gestalt & Replicant 15 Nightmares & Arrange Tracks (2010) [SQEX-10212]\Scans\Tray.png"
2787906,"I:\Soulseek Downloads\complete\red_book\[DVSP-0144] LAST DANCE (C89)\Scans\Obi.png"
2715169,"I:\Soulseek Downloads\complete\red_bookNTN\2018 - Kalafina All Time Best 2008-2018\Scans + images\Booklet A\01-02.png"
2688055,"I:\Soulseek Downloads\complete\randomuser421\2019 - [C97] Compllege × Diverse System — Phant Prologue EP01 {DVSP-0235} [CD-FLAC]\cover.png"
2680193,"I:\Soulseek Downloads\Soulseek Shared Folder\君をのせて\Scans\03.png"
2677755,"I:\Soulseek Downloads\Soulseek Shared Folder\KKBOX Downloads\使者 Messenger\cover.png"
2668492,"I:\Soulseek Downloads\Soulseek Shared Folder\(M3-28) hagall — fragment [FLAC+CUE+Scans]\Scans\Image0005.png"
2667206,"I:\Soulseek Downloads\complete\red_bookNTN\Yu-gi-oh! 5D's Sound Duel 3 flac\Scans\07.png"
2646209,"I:\Soulseek Downloads\Soulseek Shared Folder\1992 - Junko Yagami - Mellow Cafe (NEC Avenue)\Artwork\cd.png"
2639107,"I:\Soulseek Downloads\complete\PabloWeeaboo\Android52 - android52 presents FILE CORRUPTED (2016) [FLAC]\android52 - android52 presents FILE CORRUPTED - cover.png"
2632681,"I:\Soulseek Downloads\Soulseek Shared Folder\NieR Gestalt & Replicant 15 Nightmares & Arrange Tracks (2010) [SQEX-10212]\Scans\Back.png"
2601103,"I:\Soulseek Downloads\complete\red_bookNTN\2018 - Kalafina All Time Best 2008-2018\Scans + images\Booklet A\34-35.png"
2572302,"I:\Soulseek Downloads\Soulseek Shared Folder\[2008.12.29] Arco-Iris\Scans\ACCD-0009_07.png"
2569199,"I:\Soulseek Downloads\Soulseek Shared Folder\KKBOX Downloads\MKI - 20\cover.png"
2558453,"I:\Soulseek Downloads\complete\red_bookNTN\2018 - Kalafina All Time Best 2008-2018\Scans + images\Booklet A\32-33.png"
2541819,"I:\Soulseek Downloads\Soulseek Shared Folder\KKBOX Downloads\彈詞話本\cover.png"
2535151,"I:\Soulseek Downloads\complete\red_bookNTN\2018 - Kalafina All Time Best 2008-2018\Scans + images\Booklet A\28-29.png"
2517833,"I:\Soulseek Downloads\complete\red_bookNTN\2018 - Kalafina All Time Best 2008-2018\Scans + images\Booklet A\36-37.png"
2472977,"I:\Soulseek Downloads\complete\red_bookNTN\2018 - Kalafina All Time Best 2008-2018\Scans + images\Booklet A\18-19.png"
2438603,"I:\Soulseek Downloads\Soulseek Shared Folder\NieR Gestalt & Replicant 15 Nightmares & Arrange Tracks (2010) [SQEX-10212]\Scans\Booklet Back.png"
2427877,"I:\Soulseek Downloads\Soulseek Shared Folder\VTZL-109\BK\Obi.png"
2424960,"I:\Soulseek Downloads\complete\red_bookNTN\2018 - Kalafina All Time Best 2008-2018\Scans + images\Booklet A\30-31.png"
2413497,"I:\Soulseek Downloads\Soulseek Shared Folder\[M3-32] MUSIRISCA — 一鼓 音楽集—天之調—  {MRCY-0004} [CD-FLAC]\Scans\MRCY-0004_04.png"
2400521,"I:\Soulseek Downloads\complete\red_bookNTN\2018 - Kalafina All Time Best 2008-2018\Scans + images\Booklet A\07-08.png"
2376677,"I:\Soulseek Downloads\complete\red_bookNTN\2018 - Kalafina All Time Best 2008-2018\Scans + images\Booklet A\05-06.png"
2373564,"I:\Soulseek Downloads\complete\red_bookNTN\2018 - Kalafina All Time Best 2008-2018\Scans + images\Booklet A\10-11.png"
2363859,"I:\Soulseek Downloads\Soulseek Shared Folder\hitomi\东方八犬异闻\ED2 奏愛カレンデュラ\BK\奏愛カレンデュラ008.png"
2361789,"I:\Soulseek Downloads\Soulseek Shared Folder\NieR Tribute Album -echo- (2011) [SQEX-10247]\Scans\Obi Front.png"
2360777,"I:\Soulseek Downloads\Soulseek Shared Folder\KKBOX Downloads\惘闻 Wang Wen\惘闻 Wang Wen - 辛丑｜壬寅\cover.png"
2340192,"I:\Soulseek Downloads\complete\red_bookNTN\2018 - Kalafina All Time Best 2008-2018\Scans + images\Booklet A\20-21.png"
2339198,"I:\Soulseek Downloads\complete\red_bookNTN\2018 - Kalafina All Time Best 2008-2018\Scans + images\Booklet A\22-23.png"
2330755,"I:\Soulseek Downloads\Soulseek Shared Folder\極彩色\Booklet\img002.png"
2330659,"I:\Soulseek Downloads\Soulseek Shared Folder\Hagall x rujou x 清水 嶺 - Nix\Nyx_inner.png"
2328253,"I:\Soulseek Downloads\Soulseek Shared Folder\KKBOX Downloads\安娜其\男女相逢心相爱，营谋买卖大招财\cover.png"
2320036,"I:\Soulseek Downloads\Soulseek Shared Folder\[M3-32] MUSIRISCA — 一鼓 音楽集—天之調—  {MRCY-0004} [CD-FLAC]\Scans\MRCY-0004_07.png"
2313275,"I:\Soulseek Downloads\Soulseek Shared Folder\Rurutia\专辑\NODE From R(tak+cue+png)\Scan\PHOX-100010_14.png"
2278418,"I:\Soulseek Downloads\complete\red_bookNTN\2018 - Kalafina All Time Best 2008-2018\Scans + images\Booklet A\12-13.png"
2272398,"I:\Soulseek Downloads\Soulseek Shared Folder\NieR Gestalt & Replicant 15 Nightmares & Arrange Tracks (2010) [SQEX-10212]\Scans\Obi Front.png"
2271863,"I:\Soulseek Downloads\complete\red_bookNTN\2018 - Kalafina All Time Best 2008-2018\Scans + images\Booklet A\09-10.png"
2265196,"I:\Soulseek Downloads\complete\red_bookNTN\2018 - Kalafina All Time Best 2008-2018\Scans + images\Booklet A\26-27.png"
2241523,"I:\Soulseek Downloads\complete\red_bookNTN\2018 - Kalafina All Time Best 2008-2018\Scans + images\Booklet A\24-25.png"
2237580,"I:\Soulseek Downloads\complete\red_bookNTN\2018 - Kalafina All Time Best 2008-2018\Scans + images\Booklet A\14-15.png"
2228487,"I:\Soulseek Downloads\Soulseek Shared Folder\Hagall x rujou x 清水 嶺 - Nix\Nyx.png"
2210508,"I:\Soulseek Downloads\complete\red_bookNTN\2018 - Kalafina All Time Best 2008-2018\Scans + images\Booklet A\03-04.png"
2205067,"I:\Soulseek Downloads\Soulseek Shared Folder\(M3-28) hagall — fragment [FLAC+CUE+Scans]\Scans\Image0001.png"
2179068,"I:\Soulseek Downloads\complete\red_bookNTN\2018 - Kalafina All Time Best 2008-2018\Scans + images\Disc Case A\Front Jacket - Inner.png"
2172363,"I:\Soulseek Downloads\complete\red_bookNTN\2018 - Kalafina All Time Best 2008-2018\Scans + images\Booklet A\16-17.png"
2158914,"I:\Soulseek Downloads\Soulseek Shared Folder\KKBOX Downloads\惘闻 Wang Wen\惘闻 Wang Wen - 辛丑｜壬寅\频谱图.png"
2138347,"I:\Soulseek Downloads\complete\red_bookNTN\2018 - Kalafina All Time Best 2008-2018\Scans + images\Disc Case A\Back Jacket - Inner.png"
2126165,"I:\Soulseek Downloads\Soulseek Shared Folder\Deezer\Martin Ermen - Kuschelklassik Piano Dreams Vol. 2 (2011) [FLAC] [16B-44.1kHz]\频谱图.png"
2116102,"I:\Soulseek Downloads\Soulseek Shared Folder\(M3-28) hagall — fragment [FLAC+CUE+Scans]\Scans\Image0002.png"
2056147,"I:\Soulseek Downloads\Soulseek Shared Folder\KKBOX Downloads\山歌寥哉\cover.png"
2037877,"I:\Soulseek Downloads\complete\red_book\[DVSP-0136] AD：PIANO VIVACE (C88)\Scans\Disc.png"
1975026,"I:\Soulseek Downloads\Soulseek Shared Folder\[UNSP-N001]AdictivNieR\_Jacket.png"
1971783,"I:\Soulseek Downloads\Soulseek Shared Folder\[2008.12.29] Arco-Iris\Scans\ACCD-0009_10.png"
1945010,"I:\Soulseek Downloads\Soulseek Shared Folder\NieR Tribute Album -echo- (2011) [SQEX-10247]\Scans\Obi Back.png"
1923556,"I:\Soulseek Downloads\Soulseek Shared Folder\Qobuz Downloads\Utada Hikaru - Ultra Blue (Remastered 2018) (2006) [24B-96kHz]\频谱图.png"
1923310,"I:\Soulseek Downloads\Soulseek Shared Folder\君をのせて\cover.png"
1867808,"I:\Soulseek Downloads\complete\aortomus\artwork\gatefold 1.png"
1860359,"I:\Soulseek Downloads\complete\aortomus\artwork\gatefold 2.png"
1853917,"I:\Soulseek Downloads\Soulseek Shared Folder\KKBOX Downloads\Sweet Home, Go!\cover.png"
1841479,"I:\Soulseek Downloads\Soulseek Shared Folder\KKBOX Downloads\吾十有五而志于学 (Stolen Childhood)\cover.png"
1839076,"I:\Soulseek Downloads\Soulseek Shared Folder\NieR Gestalt & Replicant 15 Nightmares & Arrange Tracks (2010) [SQEX-10212]\Scans\Disc.png"
1816526,"I:\Soulseek Downloads\complete\aortomus\artwork\gatefold 3.png"
1765013,"I:\Soulseek Downloads\Soulseek Shared Folder\hitomi\香格里拉\シャングリ・ラORIGINAL SOUND TRACK 2\VTCL-60145_10.png"
1754245,"I:\Soulseek Downloads\Soulseek Shared Folder\砂守岳央 - Grimms Jazz Repage\cover.png"
1747530,"I:\Soulseek Downloads\Soulseek Shared Folder\Rurutia\迷你专辑\RURUTIA - RESONANCE\Scans\06.png"
1741951,"I:\Soulseek Downloads\Soulseek Shared Folder\Rurutia\专辑\NODE From R(tak+cue+png)\Scan\PHOX-100010_13.png"
1733550,"I:\Soulseek Downloads\Soulseek Shared Folder\hitomi\东方八犬异闻\八犬伝--东方八犬异闻- ORIGINAL SOUND TRACK 2\BK\IMG_0004.png"
1717507,"I:\Soulseek Downloads\complete\red_bookNTN\Tokyo Philharmonic Orchestra - Hatsune Miku Symphony～Miku Symphony 2021 Orchestra Live [2022.02.02] [FLAC]\CD2\cover.png"
1717507,"I:\Soulseek Downloads\complete\red_bookNTN\Tokyo Philharmonic Orchestra - Hatsune Miku Symphony～Miku Symphony 2021 Orchestra Live [2022.02.02] [FLAC]\CD1\cover.png"
1717507,"I:\Soulseek Downloads\complete\red_bookNTN\Tokyo Philharmonic Orchestra - Hatsune Miku Symphony～Miku Symphony 2021 Orchestra Live [2022.02.02] [FLAC]\cover.png"
1712101,"I:\Soulseek Downloads\Soulseek Shared Folder\(M3-28) hagall — fragment [FLAC+CUE+Scans]\Scans\Image00010.png"
1688620,"I:\Soulseek Downloads\Soulseek Shared Folder\hitomi\东方八犬异闻\八犬伝--东方八犬异闻- ORIGINAL SOUND TRACK 2\BK\IMG_0003.png"
1680201,"I:\Soulseek Downloads\Soulseek Shared Folder\KKBOX Downloads\惘闻 Wang Wen\看不见的城市 (Invisible City)\cover.png"
1664425,"I:\Soulseek Downloads\Soulseek Shared Folder\(M3-28) hagall — fragment [FLAC+CUE+Scans]\Scans\Image0009.png"
1627790,"I:\Soulseek Downloads\complete\aortomus\artwork\gatefold 4.png"
1608756,"I:\Soulseek Downloads\complete\red_bookNTN\Yu-gi-oh! 5D's Sound Duel 2 flac\Scans\11 OBI.png"
1589009,"I:\Soulseek Downloads\Soulseek Shared Folder\KKBOX Downloads\安娜其\無常吞\cover.png"
1568507,"I:\Soulseek Downloads\Soulseek Shared Folder\NieR Gestalt & Replicant 15 Nightmares & Arrange Tracks (2010) [SQEX-10212]\Scans\Obi Back.png"
1483010,"I:\Soulseek Downloads\Soulseek Shared Folder\P-Model\P-Model - Ashu-On (Sound Subspecies) In the Solar System (2002)\Booklet\pmb_09b.png"
1480607,"I:\Soulseek Downloads\Soulseek Shared Folder\P-Model\P-Model - Ashu-On (Sound Subspecies) In the Solar System (2002)\Booklet\pmb_02.png"
1451214,"I:\Soulseek Downloads\Soulseek Shared Folder\P-Model\P-Model - Ashu-On (Sound Subspecies) In the Solar System (2002)\Booklet\pmb_xy.png"
1447929,"I:\Soulseek Downloads\complete\Vewyn\Endless Summer\cover.png"
1384313,"I:\Soulseek Downloads\complete\WolfNexus\BEMANI Symphony Original Soundtrack (2021) [WEB-FLAC]\CD2\cover.png"
1384313,"I:\Soulseek Downloads\complete\WolfNexus\BEMANI Symphony Original Soundtrack (2021) [WEB-FLAC]\CD1\cover.png"
1384313,"I:\Soulseek Downloads\complete\WolfNexus\BEMANI Symphony Original Soundtrack (2021) [WEB-FLAC]\cover.png"
1342449,"I:\Soulseek Downloads\Soulseek Shared Folder\[M3-32] MUSIRISCA — 一鼓 音楽集—天之調—  {MRCY-0004} [CD-FLAC]\Scans\MRCY-0004_06.png"
1322667,"I:\Soulseek Downloads\Soulseek Shared Folder\P-Model\P-Model - Ashu-On (Sound Subspecies) In the Solar System (2002)\Booklet\yellowBox_a.png"
1311096,"I:\Soulseek Downloads\Soulseek Shared Folder\P-Model\P-Model - Ashu-On (Sound Subspecies) In the Solar System (2002)\Booklet\plasticBag_a.png"
1299862,"I:\Soulseek Downloads\Soulseek Shared Folder\P-Model\P-Model - Ashu-On (Sound Subspecies) In the Solar System (2002)\Booklet\ashuonDisc_c.png"
1299814,"I:\Soulseek Downloads\Soulseek Shared Folder\KKBOX Downloads\惘闻 Wang Wen\奇迹寻踪 (In Course of The Miraculous)\cover.png"
1297470,"I:\Soulseek Downloads\Soulseek Shared Folder\Lindsey Stirling - Artemis (Target Exclusive Edition) (2019) [FLAC]\Art\Lindsey Stirling - Artemis 013.png"
1293922,"I:\Soulseek Downloads\Soulseek Shared Folder\P-Model\P-Model - Ashu-On (Sound Subspecies) In the Solar System (2002)\Booklet\ashuOn_x.png"
1284084,"I:\Soulseek Downloads\Soulseek Shared Folder\P-Model\P-Model - Ashu-On (Sound Subspecies) In the Solar System (2002)\Booklet\ashuonBag_b.png"
1283913,"I:\Soulseek Downloads\Soulseek Shared Folder\P-Model\P-Model - Ashu-On (Sound Subspecies) In the Solar System (2002)\Booklet\pmb_03.png"
1279483,"I:\Soulseek Downloads\complete\+-+\MUSIRISCA\Anemone\Cover.png"
1277184,"I:\Soulseek Downloads\Soulseek Shared Folder\NieR Gestalt & Replicant 15 Nightmares & Arrange Tracks (2010) [SQEX-10212]\Scans\Registration Card.png"
1270508,"I:\Soulseek Downloads\complete\Letham\Fiction\43981-1390506207.png"
1258678,"I:\Soulseek Downloads\Soulseek Shared Folder\久保田早紀 - Saki Kubota PREMIUM\DISC-7 - 夜の底は柔らかな幻 +5\cover.png"
1257093,"I:\Soulseek Downloads\complete\Topsy\(2000) Philosopher's Propeller [FLAC]\Images\Back.png"
1245324,"I:\Soulseek Downloads\Soulseek Shared Folder\P-Model\P-Model - Ashu-On (Sound Subspecies) In the Solar System (2002)\Booklet\pmb_10.png"
1245227,"I:\Soulseek Downloads\complete\imminiman1\Fishmans (1999) 98.12.28 男達の別れ [FLAC] {POCH-1855_6}\Scans\pony back alt.png"
1243169,"I:\Soulseek Downloads\complete\+-+\MUSIRISCA\Nocte\cover.png"
1222175,"I:\Soulseek Downloads\complete\+-+\MUSIRISCA\Nocte\nocte_jk_800.png"
1216388,"I:\Soulseek Downloads\Soulseek Shared Folder\P-Model\P-Model - Ashu-On (Sound Subspecies) In the Solar System (2002)\Booklet\ashuOn_a.png"
1204776,"I:\Soulseek Downloads\Soulseek Shared Folder\P-Model\P-Model - Ashu-On (Sound Subspecies) In the Solar System (2002)\Booklet\pmb_04.png"
1200513,"I:\Soulseek Downloads\Soulseek Shared Folder\P-Model\P-Model - Ashu-On (Sound Subspecies) In the Solar System (2002)\Booklet\pmb_05b.png"
1182506,"I:\Soulseek Downloads\complete\imminiman1\Fishmans (1999) 98.12.28 男達の別れ [FLAC] {POCH-1855_6}\Scans\pony back.png"
1178436,"I:\Soulseek Downloads\Soulseek Shared Folder\P-Model\P-Model - Ashu-On (Sound Subspecies) In the Solar System (2002)\Booklet\ashuonDisc_a.png"
1176049,"I:\Soulseek Downloads\Soulseek Shared Folder\P-Model\P-Model - Ashu-On (Sound Subspecies) In the Solar System (2002)\Booklet\asbox_b.png"
1167796,"I:\Soulseek Downloads\Soulseek Shared Folder\P-Model\P-Model - Ashu-On (Sound Subspecies) In the Solar System (2002)\Booklet\pmb_01.png"
1167553,"I:\Soulseek Downloads\Soulseek Shared Folder\P-Model\P-Model - Ashu-On (Sound Subspecies) In the Solar System (2002)\Booklet\pmb_xx.png"
1154412,"I:\Soulseek Downloads\Soulseek Shared Folder\久保田早紀 - Saki Kubota PREMIUM\DISC-2 - 天界 (Original Remastered 2019)\cover.png"
1142495,"I:\Soulseek Downloads\complete\red_bookNTN\Yu-gi-oh! 5D's Sound Duel 3 flac\Scans\09.png"
1137587,"I:\Soulseek Downloads\Soulseek Shared Folder\P-Model\P-Model - Ashu-On (Sound Subspecies) In the Solar System (2002)\Booklet\asbook_b.png"
1133188,"I:\Soulseek Downloads\Soulseek Shared Folder\P-Model\P-Model - Ashu-On (Sound Subspecies) In the Solar System (2002)\Booklet\ashuonBook_a.png"
1122737,"I:\Soulseek Downloads\complete\stompcomb\1988 - Isn't Anything (2012 Remastered Reissue. Sony Music UK, 88697312082. CD)\Artwork\06 - Disc.png"
1089123,"I:\Soulseek Downloads\Soulseek Shared Folder\久保田早紀 - Saki Kubota PREMIUM\DISC-1 - 夢がたり (Original Remastered 2019)\cover.png"
1067031,"I:\Soulseek Downloads\Soulseek Shared Folder\ROZEN + REVEN - NieR- Glory to Mankind\cover.png"
1057959,"I:\Soulseek Downloads\Soulseek Shared Folder\P-Model\P-Model - Ashu-On (Sound Subspecies) In the Solar System (2002)\Booklet\ashuonBox_a.png"
1046135,"I:\Soulseek Downloads\Soulseek Shared Folder\[M3-33] lasah — I LOVE YOU [FLAC]\folder.png"
1044976,"I:\Soulseek Downloads\Soulseek Shared Folder\P-Model\P-Model - Ashu-On (Sound Subspecies) In the Solar System (2002)\Booklet\ashuonDisc_b.png"
1042939,"I:\Soulseek Downloads\Soulseek Shared Folder\君をのせて\Scans\02.png"
1034719,"I:\Soulseek Downloads\Soulseek Shared Folder\NieR Tribute Album -echo- (2011) [SQEX-10247]\Scans\Insert.png"
1013287,"I:\Soulseek Downloads\Soulseek Shared Folder\P-Model\P-Model - Ashu-On (Sound Subspecies) In the Solar System (2002)\Booklet\ashuonBag_x.png"
1012508,"I:\Soulseek Downloads\Soulseek Shared Folder\NieR Tribute Album -echo- (2011) [SQEX-10247]\Scans\Registration Card.png"
1011934,"I:\Soulseek Downloads\Soulseek Shared Folder\久保田早紀 - Saki Kubota PREMIUM\DISC-3 - サウダーデ (Original Remastered 2019)\cover.png"
994404,"I:\Soulseek Downloads\Soulseek Shared Folder\P-Model\P-Model - Ashu-On (Sound Subspecies) In the Solar System (2002)\Booklet\ashuonBox_c.png"
982033,"I:\Soulseek Downloads\Soulseek Shared Folder\久保田早紀 - Saki Kubota PREMIUM\DISC-5 - 見知らぬ人でなく +1\cover.png"
979333,"I:\Soulseek Downloads\Soulseek Shared Folder\P-Model\P-Model - Ashu-On (Sound Subspecies) In the Solar System (2002)\Booklet\ashuonBox_b.png"
970885,"I:\Soulseek Downloads\complete\DeeDyne\Osamu Sato - The Esoteric Retina\The Esoteric Retina - Front Cover (Cutted - Right Square - Medium).png"
946589,"I:\Soulseek Downloads\complete\red_book\[DVSP-0206] AD：PSYCHEDELIC (M3-42)\cover.png"
912364,"I:\Soulseek Downloads\Soulseek Shared Folder\P-Model\P-Model - Ashu-On (Sound Subspecies) In the Solar System (2002)\Booklet\asbook_c.png"
908208,"I:\Soulseek Downloads\complete\apt-get\(1991) ダイヤルYを廻せ!\cover.png"
890026,"I:\Soulseek Downloads\Soulseek Shared Folder\KKBOX Downloads\深的深\cover.png"
887611,"I:\Soulseek Downloads\complete\aortomus\artwork\front.png"
808976,"I:\Soulseek Downloads\complete\+-+\MUSIRISCA\Anemone\Scans\Cover plain.png"
788090,"I:\Soulseek Downloads\complete\Dizzy\NIZI-RINGO - Ne／nuit [NZCD-004] (C89)\cover.png"
777683,"I:\Soulseek Downloads\Soulseek Shared Folder\DRV-013 梦回唐朝 DSD Remastered\CDBAO COVER.png"
719204,"I:\Soulseek Downloads\complete\DeeDyne\Osamu Sato - The Esoteric Retina\The Esoteric Retina - Advertisement.png"
690364,"I:\Soulseek Downloads\complete\boroborob\1200 Micrograms - 2002 - 1200 Micrograms [FLAC] {TIP.World Records}\cdart.png"
668649,"I:\Soulseek Downloads\Soulseek Shared Folder\[M3-32] MUSIRISCA — 一鼓 音楽集—天之調—  {MRCY-0004} [CD-FLAC]\Scans\MRCY-0004_03.png"
631971,"I:\Soulseek Downloads\complete\Topsy\(2000) Philosopher's Propeller [FLAC]\Images\Cover.png"
628070,"I:\Soulseek Downloads\Soulseek Shared Folder\2011 CDr [MSCL-60072, DR14]\folder.png"
623321,"I:\Soulseek Downloads\complete\aortomus\artwork\cd 1.png"
617958,"I:\Soulseek Downloads\Soulseek Shared Folder\Rurutia\专辑\Rurutia(ルルティア).-.[Water.Forest].2nd专辑.(FLAC)\cover.png"
611268,"I:\Soulseek Downloads\complete\nowt\geinoh yamashirogumi - ecophony gaia\cd.png"
609991,"I:\Soulseek Downloads\complete\TheLoliPopper\[M3-31] Frozen System Records & Lilium Records (ETIA.) — Jihadvent {ETIA-0002} [CD-FLAC]\cover.png"
602551,"I:\Soulseek Downloads\complete\aortomus\artwork\cd 2.png"
599150,"I:\Soulseek Downloads\complete\DashProcessor\2017 - Virtual Self\cover.png"
592698,"I:\Soulseek Downloads\Soulseek Shared Folder\Ann Lewis - Cheek I-II-III\Cheek II\Folder.png"
590519,"I:\Soulseek Downloads\complete\Topsy\(2000) Philosopher's Propeller [FLAC]\Images\Tracks.png"
581644,"I:\Soulseek Downloads\complete\imminiman1\Fishmans - Long Season (2016 Remaster) [FLAC] {UPCY-7175}\cover.png"
553741,"I:\Soulseek Downloads\Soulseek Shared Folder\陈冠希.-.[The.Best.Collection].专辑\cover.png"
546445,"I:\Soulseek Downloads\Soulseek Shared Folder\Cre-sc3NT\RWBY doujin remix Chapter V\cover.png"
527404,"I:\Soulseek Downloads\Soulseek Shared Folder\Hagall - CATHARINA\FLAC\cover.png"
526844,"I:\Soulseek Downloads\complete\Topsy\(2000) Philosopher's Propeller [FLAC]\Images\Inside.png"
524580,"I:\Soulseek Downloads\Soulseek Shared Folder\[EAC] 岡村孝子 (Okamura Takako) (15 albums, 1985-2006) (ape+cue)\SOLEIL\Cover.png"
506710,"I:\Soulseek Downloads\Soulseek Shared Folder\[EAC] 岡村孝子 (Okamura Takako) (15 albums, 1985-2006) (ape+cue)\Reborn\Cover.png"
505288,"I:\Soulseek Downloads\Soulseek Shared Folder\Ann Lewis - Cheek I-II-III\Cheek\Folder.png"
498743,"I:\Soulseek Downloads\Soulseek Shared Folder\KillerBlood - 自畫像 (Self-portrait)[ALAC]\cover.png"
491171,"I:\Soulseek Downloads\Soulseek Shared Folder\君をのせて\Scans\04.png"
462048,"I:\Soulseek Downloads\Soulseek Shared Folder\[EAC] 岡村孝子 (Okamura Takako) (15 albums, 1985-2006) (ape+cue)\満天の星\Cover.png"
458046,"I:\Soulseek Downloads\Soulseek Shared Folder\[EAC] 岡村孝子 (Okamura Takako) (15 albums, 1985-2006) (ape+cue)\私の中の微風\Cover.png"
451201,"I:\Soulseek Downloads\Soulseek Shared Folder\[EAC] 岡村孝子 (Okamura Takako) (15 albums, 1985-2006) (ape+cue)\Kiss\Cover.png"
433876,"I:\Soulseek Downloads\Soulseek Shared Folder\Ann Lewis - Cheek I-II-III\Cheek III\Folder.png"
415438,"I:\Soulseek Downloads\Soulseek Shared Folder\[EAC] 岡村孝子 (Okamura Takako) (15 albums, 1985-2006) (ape+cue)\Sanctuary\Cover.png"
414744,"I:\Soulseek Downloads\complete\SailorVenus\[1987.02.04] Andantino a tempo (Cover Album)\Cover.png"
413157,"I:\Soulseek Downloads\Soulseek Shared Folder\[EAC] 岡村孝子 (Okamura Takako) (15 albums, 1985-2006) (ape+cue)\SWEET HEARTS\Cover.png"
393517,"I:\Soulseek Downloads\Soulseek Shared Folder\Hagall - いつかの國\FLAC\cover.png"
388461,"I:\Soulseek Downloads\Soulseek Shared Folder\[M3-42] [2018] Metomate - PianoCollection Ⅱ [WEB-FLAC]\Cover.png"
387843,"I:\Soulseek Downloads\Soulseek Shared Folder\[EAC] 岡村孝子 (Okamura Takako) (15 albums, 1985-2006) (ape+cue)\Eau Du Ciel\Cover.png"
385975,"I:\Soulseek Downloads\Soulseek Shared Folder\久保田早紀 - Saki Kubota PREMIUM\DISC-6 - ネフェルティティ +1\cover.png"
380319,"I:\Soulseek Downloads\Soulseek Shared Folder\[EAC] 岡村孝子 (Okamura Takako) (15 albums, 1985-2006) (ape+cue)\BRAND-NEW\Cover.png"
371695,"I:\Soulseek Downloads\complete\aortomus\artwork\cd 2 (matrix).png"
365914,"I:\Soulseek Downloads\complete\red_book\[DVSP-0136] AD：PIANO VIVACE (C88)\Scans\Obi.png"
360657,"I:\Soulseek Downloads\complete\aortomus\artwork\cd 1 (matrix).png"
350697,"I:\Soulseek Downloads\Soulseek Shared Folder\hitomi\Wind from Ancient Times\Cover.png"
333616,"I:\Soulseek Downloads\Soulseek Shared Folder\[EAC] 岡村孝子 (Okamura Takako) (15 albums, 1985-2006) (ape+cue)\Chou-fleur\Cover.png"
320745,"I:\Soulseek Downloads\complete\apt-get\(1995) ヤプーズの不審な行動\cover.png"
311695,"I:\Soulseek Downloads\Soulseek Shared Folder\[EAC] 岡村孝子 (Okamura Takako) (15 albums, 1985-2006) (ape+cue)\mistral\Cover.png"
300098,"I:\Soulseek Downloads\Soulseek Shared Folder\KKBOX Downloads\惘闻 Wang Wen\0306\cover.png"
297759,"I:\Soulseek Downloads\complete\cactus_amon\spectrogram\八神純子 - 01 - Mr. ブルー ～私の地球～.flac.sg.png"
294649,"I:\Soulseek Downloads\complete\aortomus\artwork\obi.png"
293655,"I:\Soulseek Downloads\Soulseek Shared Folder\[EAC] 岡村孝子 (Okamura Takako) (15 albums, 1985-2006) (ape+cue)\TEAR DROPS\Cover.png"
278221,"I:\Soulseek Downloads\complete\cactus_amon\spectrogram\Poppy - 01 - I Like Presents.m4a.sg.png"
278121,"I:\Soulseek Downloads\complete\aortomus\artwork\liner notes 2.png"
275179,"I:\Soulseek Downloads\complete\aortomus\artwork\liner notes 3.png"
272950,"I:\Soulseek Downloads\complete\DeeDyne\Osamu Sato - Chu-Teng OST\Chu-Teng OST - Front Cover.png"
264940,"I:\Soulseek Downloads\complete\aortomus\artwork\liner notes 4.png"
250871,"I:\Soulseek Downloads\complete\randomuser421\2018 - [C94] Compllege — Phant III {COCD-0014} [CD-FLAC]\compllege - Phant 3.png"
221078,"I:\Soulseek Downloads\Soulseek Shared Folder\[UNSP-A00X]ぼくらの音楽\[UNSP-A005]ぼくらの音楽_Unit05\Jacket05.png"
219634,"I:\Soulseek Downloads\Soulseek Shared Folder\[UNSP-A00X]ぼくらの音楽\[UNSP-A004]ぼくらの音楽_Unit04\Jacket04.png"
218400,"I:\Soulseek Downloads\Soulseek Shared Folder\[UNSP-A00X]ぼくらの音楽\[UNSP-A003]ぼくらの音楽_Unit03\Jacket03.png"
218270,"I:\Soulseek Downloads\Soulseek Shared Folder\[UNSP-A00X]ぼくらの音楽\[UNSP-A002]ぼくらの音楽_Unit02\Jacket02.png"
216932,"I:\Soulseek Downloads\Soulseek Shared Folder\[UNSP-A00X]ぼくらの音楽\[UNSP-A001]ぼくらの音楽_Unit01\Jacket01.png"
213299,"I:\Soulseek Downloads\Soulseek Shared Folder\[2019-2] 98.12.27 男達の別れ\front.png"
202709,"I:\Soulseek Downloads\Soulseek Shared Folder\hitomi\最终流放-银翼之法姆\LAST EXILE--银翼のファムORIGINAL SOUND TRACK 2\Cover.png"
198272,"I:\Soulseek Downloads\Soulseek Shared Folder\hitomi\最终流放\LAST EXILE ORIGINAL SOUND TRACK 2\Cover.png"
195455,"I:\Soulseek Downloads\Soulseek Shared Folder\久保田早紀 - Saki Kubota PREMIUM\DISC-4 - エアメール・スペシャル +2\cover.png"
160545,"I:\Soulseek Downloads\complete\8tTaV9\天空の城ラピュタ ハイテックシリーズ\Folder.png"
156518,"I:\Soulseek Downloads\Soulseek Shared Folder\Arcaea\[2023.01.26] [lowiro] [IROCD-006] ARCAEA Sound Collection MEMORIES OF MYTH\Scans\Front (Square).png"
151784,"I:\Soulseek Downloads\complete\Tak-MK\R°\cover.png"
133879,"I:\Soulseek Downloads\Soulseek Shared Folder\OGAS\cover.png"
107400,"I:\Soulseek Downloads\complete\aortomus\artwork\liner notes 1.png"
95719,"I:\Soulseek Downloads\complete\cactus_amon\covers\05301909_592d44bec028d.png"
56685,"I:\Soulseek Downloads\Soulseek Shared Folder\华北浪革 Hi-Res\cover.png"
43306,"I:\Soulseek Downloads\complete\ppsucc\(2020-07-03) vignette\cover.png"
35792,"I:\Soulseek Downloads\complete\krude\[1994] Transmigration [CD FLAC]\Transcript\data\splash.png"
7005,"I:\Soulseek Downloads\Soulseek Shared Folder\DRV-022 孤独的人是可耻的 DSD Remastered\LOGO.png"
7005,"I:\Soulseek Downloads\Soulseek Shared Folder\DRV-018 黑豹 DSD Remastered\LOGO.png"
7005,"I:\Soulseek Downloads\Soulseek Shared Folder\DRV-030 黑梦 DSD Remastered\DRV LOGO.png"
7005,"I:\Soulseek Downloads\Soulseek Shared Folder\DRV-025 垃圾场 DSD Remastered\DRV LOGO.png"
2747,"I:\Soulseek Downloads\Soulseek Shared Folder\DRV-030 黑梦 DSD Remastered\DRVlogo.png"
2747,"I:\Soulseek Downloads\Soulseek Shared Folder\DRV-025 垃圾场 DSD Remastered\DRVlogo.png"
2747,"I:\Soulseek Downloads\Soulseek Shared Folder\DRV-022 孤独的人是可耻的 DSD Remastered\DRVlogo.png"
1317,"I:\Soulseek Downloads\complete\krude\[1994] Transmigration [CD FLAC]\Transcript\data\icon.png"
770,"I:\Soulseek Downloads\complete\krude\[1994] Transmigration [CD FLAC]\Transcript\data\Quit.png"
